Date,Symbol,Shares
1/1/2015,AAPL,232
1/1/2015,ABBV,191
1/1/2015,BAC,162
1/1/2015,COST,61
1/1/2015,EURUSD=X,53
1/1/2015,META,97
1/1/2015,GBPUSD=X,89
1/1/2015,GOOGL,54
1/1/2015,GS,148
1/1/2015,INTC,221
1/1/2015,JNJ,144
1/1/2015,JPM,223
1/1/2015,JPY=X,118
1/1/2015,KO,154
1/1/2015,MS,143
1/1/2015,MSFT,134
1/1/2015,NVDA,63
1/1/2015,PFE,134
1/1/2015,PG,137
1/1/2015,QQQ,195
1/1/2015,SPY,209
1/1/2015,UNH,177
1/1/2015,VUG,199
1/1/2015,WMT,57
1/1/2015,XLF,77
1/1/2015,XLV,96
2/1/2015,AAPL,232
2/1/2015,ABBV,191
2/1/2015,BAC,162
2/1/2015,COST,61
2/1/2015,EURUSD=X,53
2/1/2015,META,97
2/1/2015,GBPUSD=X,86
2/1/2015,GOOGL,54
2/1/2015,GS,148
2/1/2015,INTC,221
2/1/2015,JNJ,144
2/1/2015,JPM,223
2/1/2015,JPY=X,118
2/1/2015,KO,154
2/1/2015,MS,143
2/1/2015,MSFT,134
2/1/2015,NVDA,179
2/1/2015,PFE,134
2/1/2015,PG,137
2/1/2015,QQQ,195
2/1/2015,SPY,209
2/1/2015,UNH,177
2/1/2015,VUG,199
2/1/2015,WMT,57
2/1/2015,XLF,77
2/1/2015,XLV,96
3/1/2015,AAPL,232
3/1/2015,ABBV,191
3/1/2015,BAC,162
3/1/2015,COST,61
3/1/2015,EURUSD=X,53
3/1/2015,META,97
3/1/2015,GBPUSD=X,86
3/1/2015,GOOGL,54
3/1/2015,GS,148
3/1/2015,INTC,221
3/1/2015,JNJ,144
3/1/2015,JPM,223
3/1/2015,JPY=X,204
3/1/2015,KO,154
3/1/2015,MS,143
3/1/2015,MSFT,134
3/1/2015,NVDA,179
3/1/2015,PFE,134
3/1/2015,PG,137
3/1/2015,QQQ,195
3/1/2015,SPY,209
3/1/2015,UNH,177
3/1/2015,VUG,199
3/1/2015,WMT,57
3/1/2015,XLF,77
3/1/2015,XLV,96
4/1/2015,AAPL,232
4/1/2015,ABBV,191
4/1/2015,BAC,162
4/1/2015,COST,61
4/1/2015,EURUSD=X,53
4/1/2015,META,97
4/1/2015,GBPUSD=X,86
4/1/2015,GOOGL,54
4/1/2015,GS,148
4/1/2015,INTC,221
4/1/2015,JNJ,144
4/1/2015,JPM,223
4/1/2015,JPY=X,204
4/1/2015,KO,154
4/1/2015,MS,143
4/1/2015,MSFT,134
4/1/2015,NVDA,179
4/1/2015,PFE,134
4/1/2015,PG,137
4/1/2015,QQQ,195
4/1/2015,SPY,209
4/1/2015,UNH,177
4/1/2015,VUG,199
4/1/2015,WMT,57
4/1/2015,XLF,77
4/1/2015,XLV,96
5/1/2015,AAPL,232
5/1/2015,ABBV,191
5/1/2015,BAC,162
5/1/2015,COST,61
5/1/2015,EURUSD=X,196
5/1/2015,META,97
5/1/2015,GBPUSD=X,86
5/1/2015,GOOGL,54
5/1/2015,GS,148
5/1/2015,INTC,221
5/1/2015,JNJ,144
5/1/2015,JPM,223
5/1/2015,JPY=X,204
5/1/2015,KO,154
5/1/2015,MS,143
5/1/2015,MSFT,203
5/1/2015,NVDA,179
5/1/2015,PFE,134
5/1/2015,PG,137
5/1/2015,QQQ,195
5/1/2015,SPY,209
5/1/2015,UNH,177
5/1/2015,VUG,199
5/1/2015,WMT,57
5/1/2015,XLF,77
5/1/2015,XLV,96
6/1/2015,AAPL,232
6/1/2015,ABBV,191
6/1/2015,BAC,162
6/1/2015,COST,61
6/1/2015,EURUSD=X,196
6/1/2015,META,97
6/1/2015,GBPUSD=X,86
6/1/2015,GOOGL,54
6/1/2015,GS,148
6/1/2015,INTC,221
6/1/2015,JNJ,144
6/1/2015,JPM,223
6/1/2015,JPY=X,204
6/1/2015,KO,154
6/1/2015,MS,143
6/1/2015,MSFT,203
6/1/2015,NVDA,179
6/1/2015,PFE,134
6/1/2015,PG,137
6/1/2015,QQQ,195
6/1/2015,SPY,209
6/1/2015,UNH,129
6/1/2015,VUG,199
6/1/2015,WMT,57
6/1/2015,XLF,77
6/1/2015,XLV,96
7/1/2015,AAPL,232
7/1/2015,ABBV,191
7/1/2015,BAC,131
7/1/2015,COST,61
7/1/2015,EURUSD=X,196
7/1/2015,META,97
7/1/2015,GBPUSD=X,86
7/1/2015,GOOGL,54
7/1/2015,GS,148
7/1/2015,INTC,221
7/1/2015,JNJ,144
7/1/2015,JPM,223
7/1/2015,JPY=X,204
7/1/2015,KO,154
7/1/2015,MS,143
7/1/2015,MSFT,203
7/1/2015,NVDA,179
7/1/2015,PFE,134
7/1/2015,PG,137
7/1/2015,QQQ,195
7/1/2015,SPY,209
7/1/2015,UNH,129
7/1/2015,VUG,199
7/1/2015,WMT,57
7/1/2015,XLF,162
7/1/2015,XLV,96
8/1/2015,AAPL,232
8/1/2015,ABBV,191
8/1/2015,BAC,131
8/1/2015,COST,61
8/1/2015,EURUSD=X,196
8/1/2015,META,97
8/1/2015,GBPUSD=X,86
8/1/2015,GOOGL,54
8/1/2015,GS,148
8/1/2015,INTC,221
8/1/2015,JNJ,144
8/1/2015,JPM,223
8/1/2015,JPY=X,204
8/1/2015,KO,154
8/1/2015,MS,143
8/1/2015,MSFT,203
8/1/2015,NVDA,179
8/1/2015,PFE,134
8/1/2015,PG,137
8/1/2015,QQQ,195
8/1/2015,SPY,209
8/1/2015,UNH,191
8/1/2015,VUG,199
8/1/2015,WMT,57
8/1/2015,XLF,162
8/1/2015,XLV,96
9/1/2015,AAPL,232
9/1/2015,ABBV,191
9/1/2015,BAC,131
9/1/2015,COST,61
9/1/2015,EURUSD=X,196
9/1/2015,META,97
9/1/2015,GBPUSD=X,86
9/1/2015,GOOGL,54
9/1/2015,GS,148
9/1/2015,INTC,221
9/1/2015,JNJ,144
9/1/2015,JPM,223
9/1/2015,JPY=X,204
9/1/2015,KO,154
9/1/2015,MS,143
9/1/2015,MSFT,203
9/1/2015,NVDA,179
9/1/2015,PFE,134
9/1/2015,PG,137
9/1/2015,QQQ,195
9/1/2015,SPY,209
9/1/2015,UNH,184
9/1/2015,VUG,199
9/1/2015,WMT,57
9/1/2015,XLF,162
9/1/2015,XLV,96
10/1/2015,AAPL,232
10/1/2015,ABBV,191
10/1/2015,BAC,131
10/1/2015,COST,61
10/1/2015,EURUSD=X,196
10/1/2015,META,97
10/1/2015,GBPUSD=X,86
10/1/2015,GOOGL,54
10/1/2015,GS,148
10/1/2015,INTC,221
10/1/2015,JNJ,144
10/1/2015,JPM,223
10/1/2015,JPY=X,204
10/1/2015,KO,154
10/1/2015,MS,143
10/1/2015,MSFT,203
10/1/2015,NVDA,179
10/1/2015,PFE,134
10/1/2015,PG,137
10/1/2015,QQQ,195
10/1/2015,SPY,209
10/1/2015,UNH,184
10/1/2015,VUG,199
10/1/2015,WMT,57
10/1/2015,XLF,162
10/1/2015,XLV,96
11/1/2015,AAPL,232
11/1/2015,ABBV,113
11/1/2015,BAC,131
11/1/2015,COST,61
11/1/2015,EURUSD=X,196
11/1/2015,META,97
11/1/2015,GBPUSD=X,86
11/1/2015,GOOGL,54
11/1/2015,GS,148
11/1/2015,INTC,221
11/1/2015,JNJ,144
11/1/2015,JPM,223
11/1/2015,JPY=X,204
11/1/2015,KO,154
11/1/2015,MS,143
11/1/2015,MSFT,203
11/1/2015,NVDA,179
11/1/2015,PFE,134
11/1/2015,PG,137
11/1/2015,QQQ,52
11/1/2015,SPY,209
11/1/2015,UNH,184
11/1/2015,VUG,199
11/1/2015,WMT,57
11/1/2015,XLF,162
11/1/2015,XLV,96
12/1/2015,AAPL,232
12/1/2015,ABBV,209
12/1/2015,BAC,131
12/1/2015,COST,61
12/1/2015,EURUSD=X,196
12/1/2015,META,97
12/1/2015,GBPUSD=X,86
12/1/2015,GOOGL,54
12/1/2015,GS,148
12/1/2015,INTC,61
12/1/2015,JNJ,214
12/1/2015,JPM,223
12/1/2015,JPY=X,204
12/1/2015,KO,154
12/1/2015,MS,143
12/1/2015,MSFT,203
12/1/2015,NVDA,179
12/1/2015,PFE,134
12/1/2015,PG,137
12/1/2015,QQQ,52
12/1/2015,SPY,209
12/1/2015,UNH,184
12/1/2015,VUG,199
12/1/2015,WMT,57
12/1/2015,XLF,162
12/1/2015,XLV,96
1/1/2016,AAPL,232
1/1/2016,ABBV,209
1/1/2016,BAC,131
1/1/2016,COST,61
1/1/2016,EURUSD=X,196
1/1/2016,META,97
1/1/2016,GBPUSD=X,86
1/1/2016,GOOGL,54
1/1/2016,GS,148
1/1/2016,INTC,61
1/1/2016,JNJ,214
1/1/2016,JPM,223
1/1/2016,JPY=X,204
1/1/2016,KO,154
1/1/2016,MS,143
1/1/2016,MSFT,203
1/1/2016,NVDA,179
1/1/2016,PFE,134
1/1/2016,PG,137
1/1/2016,QQQ,52
1/1/2016,SPY,209
1/1/2016,UNH,184
1/1/2016,VUG,199
1/1/2016,WMT,57
1/1/2016,XLF,162
1/1/2016,XLV,96
2/1/2016,AAPL,232
2/1/2016,ABBV,209
2/1/2016,BAC,131
2/1/2016,COST,61
2/1/2016,EURUSD=X,196
2/1/2016,META,97
2/1/2016,GBPUSD=X,86
2/1/2016,GOOGL,54
2/1/2016,GS,148
2/1/2016,INTC,61
2/1/2016,JNJ,214
2/1/2016,JPM,223
2/1/2016,JPY=X,204
2/1/2016,KO,154
2/1/2016,MS,119
2/1/2016,MSFT,203
2/1/2016,NVDA,179
2/1/2016,PFE,134
2/1/2016,PG,137
2/1/2016,QQQ,52
2/1/2016,SPY,209
2/1/2016,UNH,184
2/1/2016,VUG,199
2/1/2016,WMT,115
2/1/2016,XLF,162
2/1/2016,XLV,96
3/1/2016,AAPL,232
3/1/2016,ABBV,209
3/1/2016,BAC,131
3/1/2016,COST,61
3/1/2016,EURUSD=X,196
3/1/2016,META,97
3/1/2016,GBPUSD=X,86
3/1/2016,GOOGL,54
3/1/2016,GS,148
3/1/2016,INTC,61
3/1/2016,JNJ,214
3/1/2016,JPM,223
3/1/2016,JPY=X,204
3/1/2016,KO,154
3/1/2016,MS,119
3/1/2016,MSFT,203
3/1/2016,NVDA,179
3/1/2016,PFE,220
3/1/2016,PG,137
3/1/2016,QQQ,52
3/1/2016,SPY,209
3/1/2016,UNH,184
3/1/2016,VUG,199
3/1/2016,WMT,115
3/1/2016,XLF,162
3/1/2016,XLV,96
4/1/2016,AAPL,232
4/1/2016,ABBV,209
4/1/2016,BAC,131
4/1/2016,COST,61
4/1/2016,EURUSD=X,196
4/1/2016,META,97
4/1/2016,GBPUSD=X,86
4/1/2016,GOOGL,54
4/1/2016,GS,148
4/1/2016,INTC,61
4/1/2016,JNJ,214
4/1/2016,JPM,223
4/1/2016,JPY=X,204
4/1/2016,KO,154
4/1/2016,MS,119
4/1/2016,MSFT,203
4/1/2016,NVDA,179
4/1/2016,PFE,220
4/1/2016,PG,137
4/1/2016,QQQ,52
4/1/2016,SPY,209
4/1/2016,UNH,184
4/1/2016,VUG,199
4/1/2016,WMT,115
4/1/2016,XLF,162
4/1/2016,XLV,96
5/1/2016,AAPL,232
5/1/2016,ABBV,147
5/1/2016,BAC,131
5/1/2016,COST,61
5/1/2016,EURUSD=X,196
5/1/2016,META,97
5/1/2016,GBPUSD=X,86
5/1/2016,GOOGL,54
5/1/2016,GS,148
5/1/2016,INTC,61
5/1/2016,JNJ,214
5/1/2016,JPM,223
5/1/2016,JPY=X,204
5/1/2016,KO,154
5/1/2016,MS,119
5/1/2016,MSFT,203
5/1/2016,NVDA,179
5/1/2016,PFE,220
5/1/2016,PG,137
5/1/2016,QQQ,52
5/1/2016,SPY,209
5/1/2016,UNH,184
5/1/2016,VUG,199
5/1/2016,WMT,115
5/1/2016,XLF,162
5/1/2016,XLV,96
6/1/2016,AAPL,232
6/1/2016,ABBV,62
6/1/2016,BAC,131
6/1/2016,COST,61
6/1/2016,EURUSD=X,196
6/1/2016,META,97
6/1/2016,GBPUSD=X,86
6/1/2016,GOOGL,54
6/1/2016,GS,148
6/1/2016,INTC,61
6/1/2016,JNJ,70
6/1/2016,JPM,223
6/1/2016,JPY=X,204
6/1/2016,KO,154
6/1/2016,MS,119
6/1/2016,MSFT,203
6/1/2016,NVDA,179
6/1/2016,PFE,220
6/1/2016,PG,137
6/1/2016,QQQ,52
6/1/2016,SPY,209
6/1/2016,UNH,184
6/1/2016,VUG,199
6/1/2016,WMT,115
6/1/2016,XLF,162
6/1/2016,XLV,96
7/1/2016,AAPL,232
7/1/2016,ABBV,62
7/1/2016,BAC,131
7/1/2016,COST,61
7/1/2016,EURUSD=X,196
7/1/2016,META,97
7/1/2016,GBPUSD=X,86
7/1/2016,GOOGL,54
7/1/2016,GS,148
7/1/2016,INTC,61
7/1/2016,JNJ,70
7/1/2016,JPM,223
7/1/2016,JPY=X,204
7/1/2016,KO,154
7/1/2016,MS,119
7/1/2016,MSFT,203
7/1/2016,NVDA,179
7/1/2016,PFE,220
7/1/2016,PG,137
7/1/2016,QQQ,52
7/1/2016,SPY,209
7/1/2016,UNH,184
7/1/2016,VUG,199
7/1/2016,WMT,115
7/1/2016,XLF,162
7/1/2016,XLV,96
8/1/2016,AAPL,232
8/1/2016,ABBV,62
8/1/2016,BAC,131
8/1/2016,COST,61
8/1/2016,EURUSD=X,196
8/1/2016,META,97
8/1/2016,GBPUSD=X,86
8/1/2016,GOOGL,54
8/1/2016,GS,148
8/1/2016,INTC,61
8/1/2016,JNJ,70
8/1/2016,JPM,223
8/1/2016,JPY=X,204
8/1/2016,KO,154
8/1/2016,MS,119
8/1/2016,MSFT,203
8/1/2016,NVDA,179
8/1/2016,PFE,220
8/1/2016,PG,137
8/1/2016,QQQ,52
8/1/2016,SPY,209
8/1/2016,UNH,184
8/1/2016,VUG,199
8/1/2016,WMT,115
8/1/2016,XLF,162
8/1/2016,XLV,96
9/1/2016,AAPL,232
9/1/2016,ABBV,62
9/1/2016,BAC,131
9/1/2016,COST,61
9/1/2016,EURUSD=X,196
9/1/2016,META,97
9/1/2016,GBPUSD=X,86
9/1/2016,GOOGL,54
9/1/2016,GS,148
9/1/2016,INTC,61
9/1/2016,JNJ,70
9/1/2016,JPM,223
9/1/2016,JPY=X,204
9/1/2016,KO,154
9/1/2016,MS,119
9/1/2016,MSFT,203
9/1/2016,NVDA,179
9/1/2016,PFE,220
9/1/2016,PG,137
9/1/2016,QQQ,52
9/1/2016,SPY,209
9/1/2016,UNH,184
9/1/2016,VUG,199
9/1/2016,WMT,115
9/1/2016,XLF,162
9/1/2016,XLV,96
10/1/2016,AAPL,232
10/1/2016,ABBV,62
10/1/2016,BAC,131
10/1/2016,COST,61
10/1/2016,EURUSD=X,196
10/1/2016,META,97
10/1/2016,GBPUSD=X,86
10/1/2016,GOOGL,54
10/1/2016,GS,148
10/1/2016,INTC,61
10/1/2016,JNJ,70
10/1/2016,JPM,223
10/1/2016,JPY=X,204
10/1/2016,KO,154
10/1/2016,MS,119
10/1/2016,MSFT,203
10/1/2016,NVDA,179
10/1/2016,PFE,220
10/1/2016,PG,137
10/1/2016,QQQ,52
10/1/2016,SPY,209
10/1/2016,UNH,123
10/1/2016,VUG,199
10/1/2016,WMT,115
10/1/2016,XLF,162
10/1/2016,XLV,96
11/1/2016,AAPL,232
11/1/2016,ABBV,62
11/1/2016,BAC,131
11/1/2016,COST,61
11/1/2016,EURUSD=X,196
11/1/2016,META,97
11/1/2016,GBPUSD=X,86
11/1/2016,GOOGL,54
11/1/2016,GS,148
11/1/2016,INTC,61
11/1/2016,JNJ,136
11/1/2016,JPM,223
11/1/2016,JPY=X,204
11/1/2016,KO,154
11/1/2016,MS,119
11/1/2016,MSFT,203
11/1/2016,NVDA,179
11/1/2016,PFE,220
11/1/2016,PG,137
11/1/2016,QQQ,52
11/1/2016,SPY,209
11/1/2016,UNH,123
11/1/2016,VUG,199
11/1/2016,WMT,115
11/1/2016,XLF,99
11/1/2016,XLV,96
12/1/2016,AAPL,66
12/1/2016,ABBV,62
12/1/2016,BAC,131
12/1/2016,COST,61
12/1/2016,EURUSD=X,196
12/1/2016,META,97
12/1/2016,GBPUSD=X,86
12/1/2016,GOOGL,54
12/1/2016,GS,148
12/1/2016,INTC,61
12/1/2016,JNJ,136
12/1/2016,JPM,223
12/1/2016,JPY=X,204
12/1/2016,KO,154
12/1/2016,MS,119
12/1/2016,MSFT,203
12/1/2016,NVDA,179
12/1/2016,PFE,220
12/1/2016,PG,137
12/1/2016,QQQ,53
12/1/2016,SPY,209
12/1/2016,UNH,123
12/1/2016,VUG,138
12/1/2016,WMT,115
12/1/2016,XLF,99
12/1/2016,XLV,96
1/1/2017,AAPL,66
1/1/2017,ABBV,62
1/1/2017,BAC,131
1/1/2017,COST,61
1/1/2017,EURUSD=X,169
1/1/2017,META,97
1/1/2017,GBPUSD=X,86
1/1/2017,GOOGL,54
1/1/2017,GS,148
1/1/2017,INTC,61
1/1/2017,JNJ,136
1/1/2017,JPM,223
1/1/2017,JPY=X,204
1/1/2017,KO,154
1/1/2017,MS,119
1/1/2017,MSFT,203
1/1/2017,NVDA,179
1/1/2017,PFE,220
1/1/2017,PG,137
1/1/2017,QQQ,53
1/1/2017,SPY,209
1/1/2017,UNH,123
1/1/2017,VUG,138
1/1/2017,WMT,115
1/1/2017,XLF,99
1/1/2017,XLV,96
2/1/2017,AAPL,66
2/1/2017,ABBV,62
2/1/2017,BAC,131
2/1/2017,COST,61
2/1/2017,EURUSD=X,169
2/1/2017,META,97
2/1/2017,GBPUSD=X,86
2/1/2017,GOOGL,54
2/1/2017,GS,148
2/1/2017,INTC,61
2/1/2017,JNJ,136
2/1/2017,JPM,223
2/1/2017,JPY=X,204
2/1/2017,KO,149
2/1/2017,MS,119
2/1/2017,MSFT,203
2/1/2017,NVDA,179
2/1/2017,PFE,220
2/1/2017,PG,244
2/1/2017,QQQ,53
2/1/2017,SPY,209
2/1/2017,UNH,123
2/1/2017,VUG,138
2/1/2017,WMT,115
2/1/2017,XLF,99
2/1/2017,XLV,96
3/1/2017,AAPL,66
3/1/2017,ABBV,62
3/1/2017,BAC,131
3/1/2017,COST,61
3/1/2017,EURUSD=X,169
3/1/2017,META,97
3/1/2017,GBPUSD=X,86
3/1/2017,GOOGL,54
3/1/2017,GS,148
3/1/2017,INTC,61
3/1/2017,JNJ,136
3/1/2017,JPM,223
3/1/2017,JPY=X,204
3/1/2017,KO,149
3/1/2017,MS,119
3/1/2017,MSFT,203
3/1/2017,NVDA,179
3/1/2017,PFE,220
3/1/2017,PG,244
3/1/2017,QQQ,53
3/1/2017,SPY,209
3/1/2017,UNH,123
3/1/2017,VUG,138
3/1/2017,WMT,115
3/1/2017,XLF,99
3/1/2017,XLV,96
4/1/2017,AAPL,66
4/1/2017,ABBV,62
4/1/2017,BAC,131
4/1/2017,COST,61
4/1/2017,EURUSD=X,169
4/1/2017,META,97
4/1/2017,GBPUSD=X,86
4/1/2017,GOOGL,54
4/1/2017,GS,148
4/1/2017,INTC,61
4/1/2017,JNJ,136
4/1/2017,JPM,244
4/1/2017,JPY=X,204
4/1/2017,KO,149
4/1/2017,MS,119
4/1/2017,MSFT,203
4/1/2017,NVDA,179
4/1/2017,PFE,220
4/1/2017,PG,244
4/1/2017,QQQ,53
4/1/2017,SPY,209
4/1/2017,UNH,123
4/1/2017,VUG,138
4/1/2017,WMT,115
4/1/2017,XLF,99
4/1/2017,XLV,96
5/1/2017,AAPL,202
5/1/2017,ABBV,62
5/1/2017,BAC,131
5/1/2017,COST,61
5/1/2017,EURUSD=X,169
5/1/2017,META,97
5/1/2017,GBPUSD=X,86
5/1/2017,GOOGL,54
5/1/2017,GS,148
5/1/2017,INTC,61
5/1/2017,JNJ,136
5/1/2017,JPM,244
5/1/2017,JPY=X,204
5/1/2017,KO,149
5/1/2017,MS,119
5/1/2017,MSFT,203
5/1/2017,NVDA,179
5/1/2017,PFE,220
5/1/2017,PG,244
5/1/2017,QQQ,53
5/1/2017,SPY,209
5/1/2017,UNH,123
5/1/2017,VUG,138
5/1/2017,WMT,115
5/1/2017,XLF,99
5/1/2017,XLV,96
6/1/2017,AAPL,202
6/1/2017,ABBV,62
6/1/2017,BAC,131
6/1/2017,COST,61
6/1/2017,EURUSD=X,169
6/1/2017,META,97
6/1/2017,GBPUSD=X,86
6/1/2017,GOOGL,54
6/1/2017,GS,148
6/1/2017,INTC,244
6/1/2017,JNJ,136
6/1/2017,JPM,244
6/1/2017,JPY=X,204
6/1/2017,KO,149
6/1/2017,MS,119
6/1/2017,MSFT,203
6/1/2017,NVDA,179
6/1/2017,PFE,220
6/1/2017,PG,244
6/1/2017,QQQ,53
6/1/2017,SPY,209
6/1/2017,UNH,123
6/1/2017,VUG,138
6/1/2017,WMT,115
6/1/2017,XLF,99
6/1/2017,XLV,96
7/1/2017,AAPL,202
7/1/2017,ABBV,62
7/1/2017,BAC,131
7/1/2017,COST,61
7/1/2017,EURUSD=X,169
7/1/2017,META,97
7/1/2017,GBPUSD=X,86
7/1/2017,GOOGL,54
7/1/2017,GS,174
7/1/2017,INTC,244
7/1/2017,JNJ,136
7/1/2017,JPM,244
7/1/2017,JPY=X,204
7/1/2017,KO,149
7/1/2017,MS,119
7/1/2017,MSFT,203
7/1/2017,NVDA,179
7/1/2017,PFE,220
7/1/2017,PG,244
7/1/2017,QQQ,53
7/1/2017,SPY,134
7/1/2017,UNH,123
7/1/2017,VUG,138
7/1/2017,WMT,115
7/1/2017,XLF,99
7/1/2017,XLV,96
8/1/2017,AAPL,202
8/1/2017,ABBV,62
8/1/2017,BAC,131
8/1/2017,COST,61
8/1/2017,EURUSD=X,169
8/1/2017,META,97
8/1/2017,GBPUSD=X,86
8/1/2017,GOOGL,150
8/1/2017,GS,174
8/1/2017,INTC,244
8/1/2017,JNJ,136
8/1/2017,JPM,244
8/1/2017,JPY=X,204
8/1/2017,KO,149
8/1/2017,MS,119
8/1/2017,MSFT,203
8/1/2017,NVDA,179
8/1/2017,PFE,220
8/1/2017,PG,244
8/1/2017,QQQ,53
8/1/2017,SPY,134
8/1/2017,UNH,123
8/1/2017,VUG,138
8/1/2017,WMT,115
8/1/2017,XLF,99
8/1/2017,XLV,96
9/1/2017,AAPL,202
9/1/2017,ABBV,62
9/1/2017,BAC,131
9/1/2017,COST,61
9/1/2017,EURUSD=X,169
9/1/2017,META,97
9/1/2017,GBPUSD=X,86
9/1/2017,GOOGL,150
9/1/2017,GS,174
9/1/2017,INTC,244
9/1/2017,JNJ,136
9/1/2017,JPM,244
9/1/2017,JPY=X,204
9/1/2017,KO,149
9/1/2017,MS,119
9/1/2017,MSFT,203
9/1/2017,NVDA,179
9/1/2017,PFE,220
9/1/2017,PG,244
9/1/2017,QQQ,53
9/1/2017,SPY,134
9/1/2017,UNH,123
9/1/2017,VUG,138
9/1/2017,WMT,115
9/1/2017,XLF,99
9/1/2017,XLV,96
10/1/2017,AAPL,202
10/1/2017,ABBV,62
10/1/2017,BAC,131
10/1/2017,COST,61
10/1/2017,EURUSD=X,169
10/1/2017,META,97
10/1/2017,GBPUSD=X,86
10/1/2017,GOOGL,150
10/1/2017,GS,174
10/1/2017,INTC,244
10/1/2017,JNJ,136
10/1/2017,JPM,244
10/1/2017,JPY=X,219
10/1/2017,KO,149
10/1/2017,MS,119
10/1/2017,MSFT,203
10/1/2017,NVDA,179
10/1/2017,PFE,220
10/1/2017,PG,244
10/1/2017,QQQ,53
10/1/2017,SPY,134
10/1/2017,UNH,123
10/1/2017,VUG,138
10/1/2017,WMT,115
10/1/2017,XLF,99
10/1/2017,XLV,96
11/1/2017,AAPL,202
11/1/2017,ABBV,62
11/1/2017,BAC,131
11/1/2017,COST,61
11/1/2017,EURUSD=X,169
11/1/2017,META,97
11/1/2017,GBPUSD=X,86
11/1/2017,GOOGL,150
11/1/2017,GS,174
11/1/2017,INTC,126
11/1/2017,JNJ,136
11/1/2017,JPM,244
11/1/2017,JPY=X,219
11/1/2017,KO,149
11/1/2017,MS,119
11/1/2017,MSFT,203
11/1/2017,NVDA,179
11/1/2017,PFE,220
11/1/2017,PG,244
11/1/2017,QQQ,53
11/1/2017,SPY,138
11/1/2017,UNH,123
11/1/2017,VUG,138
11/1/2017,WMT,115
11/1/2017,XLF,99
11/1/2017,XLV,96
12/1/2017,AAPL,202
12/1/2017,ABBV,62
12/1/2017,BAC,131
12/1/2017,COST,61
12/1/2017,EURUSD=X,169
12/1/2017,META,97
12/1/2017,GBPUSD=X,170
12/1/2017,GOOGL,150
12/1/2017,GS,174
12/1/2017,INTC,126
12/1/2017,JNJ,167
12/1/2017,JPM,244
12/1/2017,JPY=X,219
12/1/2017,KO,149
12/1/2017,MS,101
12/1/2017,MSFT,203
12/1/2017,NVDA,179
12/1/2017,PFE,220
12/1/2017,PG,244
12/1/2017,QQQ,53
12/1/2017,SPY,220
12/1/2017,UNH,123
12/1/2017,VUG,138
12/1/2017,WMT,115
12/1/2017,XLF,99
12/1/2017,XLV,96
1/1/2018,AAPL,202
1/1/2018,ABBV,62
1/1/2018,BAC,131
1/1/2018,COST,61
1/1/2018,EURUSD=X,169
1/1/2018,META,97
1/1/2018,GBPUSD=X,170
1/1/2018,GOOGL,150
1/1/2018,GS,174
1/1/2018,INTC,126
1/1/2018,JNJ,167
1/1/2018,JPM,244
1/1/2018,JPY=X,219
1/1/2018,KO,149
1/1/2018,MS,101
1/1/2018,MSFT,203
1/1/2018,NVDA,179
1/1/2018,PFE,220
1/1/2018,PG,244
1/1/2018,QQQ,53
1/1/2018,SPY,220
1/1/2018,UNH,123
1/1/2018,VUG,138
1/1/2018,WMT,115
1/1/2018,XLF,99
1/1/2018,XLV,96
2/1/2018,AAPL,202
2/1/2018,ABBV,62
2/1/2018,BAC,131
2/1/2018,COST,61
2/1/2018,EURUSD=X,169
2/1/2018,META,97
2/1/2018,GBPUSD=X,170
2/1/2018,GOOGL,150
2/1/2018,GS,174
2/1/2018,INTC,126
2/1/2018,JNJ,167
2/1/2018,JPM,244
2/1/2018,JPY=X,219
2/1/2018,KO,149
2/1/2018,MS,101
2/1/2018,MSFT,203
2/1/2018,NVDA,179
2/1/2018,PFE,220
2/1/2018,PG,244
2/1/2018,QQQ,53
2/1/2018,SPY,220
2/1/2018,UNH,123
2/1/2018,VUG,138
2/1/2018,WMT,115
2/1/2018,XLF,99
2/1/2018,XLV,96
3/1/2018,AAPL,202
3/1/2018,ABBV,62
3/1/2018,BAC,131
3/1/2018,COST,61
3/1/2018,EURUSD=X,169
3/1/2018,META,97
3/1/2018,GBPUSD=X,170
3/1/2018,GOOGL,150
3/1/2018,GS,174
3/1/2018,INTC,126
3/1/2018,JNJ,167
3/1/2018,JPM,244
3/1/2018,JPY=X,219
3/1/2018,KO,149
3/1/2018,MS,101
3/1/2018,MSFT,203
3/1/2018,NVDA,179
3/1/2018,PFE,159
3/1/2018,PG,184
3/1/2018,QQQ,53
3/1/2018,SPY,220
3/1/2018,UNH,123
3/1/2018,VUG,138
3/1/2018,WMT,115
3/1/2018,XLF,99
3/1/2018,XLV,96
4/1/2018,AAPL,202
4/1/2018,ABBV,62
4/1/2018,BAC,131
4/1/2018,COST,61
4/1/2018,EURUSD=X,169
4/1/2018,META,97
4/1/2018,GBPUSD=X,170
4/1/2018,GOOGL,150
4/1/2018,GS,174
4/1/2018,INTC,126
4/1/2018,JNJ,167
4/1/2018,JPM,244
4/1/2018,JPY=X,219
4/1/2018,KO,149
4/1/2018,MS,101
4/1/2018,MSFT,203
4/1/2018,NVDA,179
4/1/2018,PFE,159
4/1/2018,PG,184
4/1/2018,QQQ,53
4/1/2018,SPY,220
4/1/2018,UNH,123
4/1/2018,VUG,138
4/1/2018,WMT,115
4/1/2018,XLF,99
4/1/2018,XLV,96
5/1/2018,AAPL,202
5/1/2018,ABBV,62
5/1/2018,BAC,131
5/1/2018,COST,61
5/1/2018,EURUSD=X,169
5/1/2018,META,97
5/1/2018,GBPUSD=X,170
5/1/2018,GOOGL,150
5/1/2018,GS,174
5/1/2018,INTC,126
5/1/2018,JNJ,167
5/1/2018,JPM,244
5/1/2018,JPY=X,219
5/1/2018,KO,149
5/1/2018,MS,101
5/1/2018,MSFT,203
5/1/2018,NVDA,179
5/1/2018,PFE,159
5/1/2018,PG,184
5/1/2018,QQQ,53
5/1/2018,SPY,220
5/1/2018,UNH,123
5/1/2018,VUG,138
5/1/2018,WMT,115
5/1/2018,XLF,99
5/1/2018,XLV,96
6/1/2018,AAPL,190
6/1/2018,ABBV,106
6/1/2018,BAC,131
6/1/2018,COST,245
6/1/2018,EURUSD=X,169
6/1/2018,META,97
6/1/2018,GBPUSD=X,170
6/1/2018,GOOGL,150
6/1/2018,GS,174
6/1/2018,INTC,126
6/1/2018,JNJ,167
6/1/2018,JPM,244
6/1/2018,JPY=X,219
6/1/2018,KO,149
6/1/2018,MS,101
6/1/2018,MSFT,203
6/1/2018,NVDA,179
6/1/2018,PFE,159
6/1/2018,PG,136
6/1/2018,QQQ,53
6/1/2018,SPY,220
6/1/2018,UNH,123
6/1/2018,VUG,138
6/1/2018,WMT,115
6/1/2018,XLF,99
6/1/2018,XLV,96
7/1/2018,AAPL,190
7/1/2018,ABBV,106
7/1/2018,BAC,86
7/1/2018,COST,245
7/1/2018,EURUSD=X,169
7/1/2018,META,97
7/1/2018,GBPUSD=X,170
7/1/2018,GOOGL,150
7/1/2018,GS,174
7/1/2018,INTC,126
7/1/2018,JNJ,167
7/1/2018,JPM,244
7/1/2018,JPY=X,219
7/1/2018,KO,149
7/1/2018,MS,101
7/1/2018,MSFT,203
7/1/2018,NVDA,179
7/1/2018,PFE,159
7/1/2018,PG,136
7/1/2018,QQQ,53
7/1/2018,SPY,220
7/1/2018,UNH,123
7/1/2018,VUG,138
7/1/2018,WMT,115
7/1/2018,XLF,99
7/1/2018,XLV,96
8/1/2018,AAPL,190
8/1/2018,ABBV,106
8/1/2018,BAC,86
8/1/2018,COST,245
8/1/2018,EURUSD=X,169
8/1/2018,META,97
8/1/2018,GBPUSD=X,170
8/1/2018,GOOGL,150
8/1/2018,GS,174
8/1/2018,INTC,126
8/1/2018,JNJ,167
8/1/2018,JPM,244
8/1/2018,JPY=X,219
8/1/2018,KO,149
8/1/2018,MS,101
8/1/2018,MSFT,203
8/1/2018,NVDA,179
8/1/2018,PFE,159
8/1/2018,PG,136
8/1/2018,QQQ,53
8/1/2018,SPY,220
8/1/2018,UNH,123
8/1/2018,VUG,138
8/1/2018,WMT,115
8/1/2018,XLF,99
8/1/2018,XLV,96
9/1/2018,AAPL,56
9/1/2018,ABBV,106
9/1/2018,BAC,86
9/1/2018,COST,245
9/1/2018,EURUSD=X,169
9/1/2018,META,97
9/1/2018,GBPUSD=X,170
9/1/2018,GOOGL,113
9/1/2018,GS,174
9/1/2018,INTC,126
9/1/2018,JNJ,167
9/1/2018,JPM,244
9/1/2018,JPY=X,219
9/1/2018,KO,149
9/1/2018,MS,211
9/1/2018,MSFT,203
9/1/2018,NVDA,179
9/1/2018,PFE,207
9/1/2018,PG,136
9/1/2018,QQQ,53
9/1/2018,SPY,220
9/1/2018,UNH,123
9/1/2018,VUG,138
9/1/2018,WMT,115
9/1/2018,XLF,99
9/1/2018,XLV,96
10/1/2018,AAPL,56
10/1/2018,ABBV,106
10/1/2018,BAC,86
10/1/2018,COST,245
10/1/2018,EURUSD=X,169
10/1/2018,META,97
10/1/2018,GBPUSD=X,170
10/1/2018,GOOGL,113
10/1/2018,GS,174
10/1/2018,INTC,126
10/1/2018,JNJ,167
10/1/2018,JPM,244
10/1/2018,JPY=X,219
10/1/2018,KO,149
10/1/2018,MS,211
10/1/2018,MSFT,115
10/1/2018,NVDA,142
10/1/2018,PFE,207
10/1/2018,PG,136
10/1/2018,QQQ,53
10/1/2018,SPY,220
10/1/2018,UNH,123
10/1/2018,VUG,138
10/1/2018,WMT,115
10/1/2018,XLF,99
10/1/2018,XLV,96
11/1/2018,AAPL,56
11/1/2018,ABBV,106
11/1/2018,BAC,86
11/1/2018,COST,97
11/1/2018,EURUSD=X,73
11/1/2018,META,97
11/1/2018,GBPUSD=X,170
11/1/2018,GOOGL,113
11/1/2018,GS,174
11/1/2018,INTC,126
11/1/2018,JNJ,167
11/1/2018,JPM,244
11/1/2018,JPY=X,219
11/1/2018,KO,149
11/1/2018,MS,211
11/1/2018,MSFT,115
11/1/2018,NVDA,142
11/1/2018,PFE,207
11/1/2018,PG,136
11/1/2018,QQQ,53
11/1/2018,SPY,220
11/1/2018,UNH,215
11/1/2018,VUG,138
11/1/2018,WMT,204
11/1/2018,XLF,99
11/1/2018,XLV,96
12/1/2018,AAPL,56
12/1/2018,ABBV,106
12/1/2018,BAC,86
12/1/2018,COST,97
12/1/2018,EURUSD=X,73
12/1/2018,META,97
12/1/2018,GBPUSD=X,170
12/1/2018,GOOGL,113
12/1/2018,GS,174
12/1/2018,INTC,126
12/1/2018,JNJ,167
12/1/2018,JPM,244
12/1/2018,JPY=X,219
12/1/2018,KO,149
12/1/2018,MS,160
12/1/2018,MSFT,115
12/1/2018,NVDA,142
12/1/2018,PFE,207
12/1/2018,PG,136
12/1/2018,QQQ,202
12/1/2018,SPY,220
12/1/2018,UNH,215
12/1/2018,VUG,138
12/1/2018,WMT,204
12/1/2018,XLF,99
12/1/2018,XLV,96
1/1/2019,AAPL,56
1/1/2019,ABBV,106
1/1/2019,BAC,86
1/1/2019,COST,97
1/1/2019,EURUSD=X,73
1/1/2019,META,97
1/1/2019,GBPUSD=X,170
1/1/2019,GOOGL,131
1/1/2019,GS,174
1/1/2019,INTC,126
1/1/2019,JNJ,167
1/1/2019,JPM,244
1/1/2019,JPY=X,219
1/1/2019,KO,149
1/1/2019,MS,160
1/1/2019,MSFT,115
1/1/2019,NVDA,142
1/1/2019,PFE,207
1/1/2019,PG,136
1/1/2019,QQQ,202
1/1/2019,SPY,220
1/1/2019,UNH,215
1/1/2019,VUG,138
1/1/2019,WMT,153
1/1/2019,XLF,158
1/1/2019,XLV,96
2/1/2019,AAPL,56
2/1/2019,ABBV,106
2/1/2019,BAC,86
2/1/2019,COST,97
2/1/2019,EURUSD=X,73
2/1/2019,META,97
2/1/2019,GBPUSD=X,170
2/1/2019,GOOGL,131
2/1/2019,GS,174
2/1/2019,INTC,126
2/1/2019,JNJ,167
2/1/2019,JPM,244
2/1/2019,JPY=X,219
2/1/2019,KO,149
2/1/2019,MS,160
2/1/2019,MSFT,115
2/1/2019,NVDA,142
2/1/2019,PFE,207
2/1/2019,PG,136
2/1/2019,QQQ,202
2/1/2019,SPY,220
2/1/2019,UNH,215
2/1/2019,VUG,138
2/1/2019,WMT,153
2/1/2019,XLF,158
2/1/2019,XLV,96
3/1/2019,AAPL,56
3/1/2019,ABBV,106
3/1/2019,BAC,86
3/1/2019,COST,97
3/1/2019,EURUSD=X,73
3/1/2019,META,97
3/1/2019,GBPUSD=X,170
3/1/2019,GOOGL,131
3/1/2019,GS,174
3/1/2019,INTC,126
3/1/2019,JNJ,167
3/1/2019,JPM,244
3/1/2019,JPY=X,219
3/1/2019,KO,149
3/1/2019,MS,160
3/1/2019,MSFT,115
3/1/2019,NVDA,142
3/1/2019,PFE,207
3/1/2019,PG,136
3/1/2019,QQQ,202
3/1/2019,SPY,220
3/1/2019,UNH,215
3/1/2019,VUG,138
3/1/2019,WMT,153
3/1/2019,XLF,158
3/1/2019,XLV,96
4/1/2019,AAPL,56
4/1/2019,ABBV,106
4/1/2019,BAC,86
4/1/2019,COST,97
4/1/2019,EURUSD=X,73
4/1/2019,META,97
4/1/2019,GBPUSD=X,170
4/1/2019,GOOGL,131
4/1/2019,GS,174
4/1/2019,INTC,126
4/1/2019,JNJ,167
4/1/2019,JPM,244
4/1/2019,JPY=X,219
4/1/2019,KO,149
4/1/2019,MS,160
4/1/2019,MSFT,115
4/1/2019,NVDA,142
4/1/2019,PFE,207
4/1/2019,PG,136
4/1/2019,QQQ,202
4/1/2019,SPY,220
4/1/2019,UNH,215
4/1/2019,VUG,138
4/1/2019,WMT,153
4/1/2019,XLF,158
4/1/2019,XLV,96
5/1/2019,AAPL,56
5/1/2019,ABBV,106
5/1/2019,BAC,86
5/1/2019,COST,97
5/1/2019,EURUSD=X,73
5/1/2019,META,97
5/1/2019,GBPUSD=X,170
5/1/2019,GOOGL,131
5/1/2019,GS,174
5/1/2019,INTC,66
5/1/2019,JNJ,167
5/1/2019,JPM,244
5/1/2019,JPY=X,219
5/1/2019,KO,149
5/1/2019,MS,160
5/1/2019,MSFT,115
5/1/2019,NVDA,142
5/1/2019,PFE,208
5/1/2019,PG,136
5/1/2019,QQQ,202
5/1/2019,SPY,220
5/1/2019,UNH,215
5/1/2019,VUG,138
5/1/2019,WMT,153
5/1/2019,XLF,158
5/1/2019,XLV,96
6/1/2019,AAPL,56
6/1/2019,ABBV,106
6/1/2019,BAC,86
6/1/2019,COST,97
6/1/2019,EURUSD=X,73
6/1/2019,META,97
6/1/2019,GBPUSD=X,170
6/1/2019,GOOGL,131
6/1/2019,GS,174
6/1/2019,INTC,66
6/1/2019,JNJ,167
6/1/2019,JPM,244
6/1/2019,JPY=X,219
6/1/2019,KO,149
6/1/2019,MS,160
6/1/2019,MSFT,115
6/1/2019,NVDA,142
6/1/2019,PFE,208
6/1/2019,PG,136
6/1/2019,QQQ,202
6/1/2019,SPY,220
6/1/2019,UNH,215
6/1/2019,VUG,138
6/1/2019,WMT,153
6/1/2019,XLF,191
6/1/2019,XLV,96
7/1/2019,AAPL,56
7/1/2019,ABBV,106
7/1/2019,BAC,86
7/1/2019,COST,97
7/1/2019,EURUSD=X,73
7/1/2019,META,97
7/1/2019,GBPUSD=X,170
7/1/2019,GOOGL,131
7/1/2019,GS,174
7/1/2019,INTC,84
7/1/2019,JNJ,167
7/1/2019,JPM,244
7/1/2019,JPY=X,219
7/1/2019,KO,149
7/1/2019,MS,160
7/1/2019,MSFT,115
7/1/2019,NVDA,142
7/1/2019,PFE,208
7/1/2019,PG,136
7/1/2019,QQQ,202
7/1/2019,SPY,220
7/1/2019,UNH,215
7/1/2019,VUG,138
7/1/2019,WMT,153
7/1/2019,XLF,191
7/1/2019,XLV,96
8/1/2019,AAPL,56
8/1/2019,ABBV,106
8/1/2019,BAC,86
8/1/2019,COST,97
8/1/2019,EURUSD=X,73
8/1/2019,META,97
8/1/2019,GBPUSD=X,170
8/1/2019,GOOGL,131
8/1/2019,GS,174
8/1/2019,INTC,84
8/1/2019,JNJ,167
8/1/2019,JPM,168
8/1/2019,JPY=X,219
8/1/2019,KO,149
8/1/2019,MS,160
8/1/2019,MSFT,115
8/1/2019,NVDA,142
8/1/2019,PFE,208
8/1/2019,PG,136
8/1/2019,QQQ,202
8/1/2019,SPY,58
8/1/2019,UNH,215
8/1/2019,VUG,138
8/1/2019,WMT,153
8/1/2019,XLF,191
8/1/2019,XLV,96
9/1/2019,AAPL,56
9/1/2019,ABBV,106
9/1/2019,BAC,86
9/1/2019,COST,97
9/1/2019,EURUSD=X,193
9/1/2019,META,97
9/1/2019,GBPUSD=X,170
9/1/2019,GOOGL,131
9/1/2019,GS,174
9/1/2019,INTC,84
9/1/2019,JNJ,167
9/1/2019,JPM,168
9/1/2019,JPY=X,219
9/1/2019,KO,149
9/1/2019,MS,160
9/1/2019,MSFT,115
9/1/2019,NVDA,142
9/1/2019,PFE,208
9/1/2019,PG,136
9/1/2019,QQQ,202
9/1/2019,SPY,58
9/1/2019,UNH,215
9/1/2019,VUG,138
9/1/2019,WMT,153
9/1/2019,XLF,191
9/1/2019,XLV,96
10/1/2019,AAPL,56
10/1/2019,ABBV,106
10/1/2019,BAC,86
10/1/2019,COST,223
10/1/2019,EURUSD=X,193
10/1/2019,META,97
10/1/2019,GBPUSD=X,170
10/1/2019,GOOGL,131
10/1/2019,GS,174
10/1/2019,INTC,84
10/1/2019,JNJ,167
10/1/2019,JPM,168
10/1/2019,JPY=X,219
10/1/2019,KO,149
10/1/2019,MS,160
10/1/2019,MSFT,115
10/1/2019,NVDA,142
10/1/2019,PFE,208
10/1/2019,PG,136
10/1/2019,QQQ,202
10/1/2019,SPY,58
10/1/2019,UNH,215
10/1/2019,VUG,138
10/1/2019,WMT,153
10/1/2019,XLF,191
10/1/2019,XLV,96
11/1/2019,AAPL,56
11/1/2019,ABBV,106
11/1/2019,BAC,86
11/1/2019,COST,223
11/1/2019,EURUSD=X,193
11/1/2019,META,97
11/1/2019,GBPUSD=X,170
11/1/2019,GOOGL,131
11/1/2019,GS,174
11/1/2019,INTC,84
11/1/2019,JNJ,167
11/1/2019,JPM,168
11/1/2019,JPY=X,219
11/1/2019,KO,149
11/1/2019,MS,160
11/1/2019,MSFT,164
11/1/2019,NVDA,142
11/1/2019,PFE,208
11/1/2019,PG,136
11/1/2019,QQQ,202
11/1/2019,SPY,58
11/1/2019,UNH,215
11/1/2019,VUG,138
11/1/2019,WMT,153
11/1/2019,XLF,191
11/1/2019,XLV,96
12/1/2019,AAPL,56
12/1/2019,ABBV,106
12/1/2019,BAC,86
12/1/2019,COST,223
12/1/2019,EURUSD=X,193
12/1/2019,META,97
12/1/2019,GBPUSD=X,170
12/1/2019,GOOGL,131
12/1/2019,GS,174
12/1/2019,INTC,84
12/1/2019,JNJ,167
12/1/2019,JPM,168
12/1/2019,JPY=X,219
12/1/2019,KO,149
12/1/2019,MS,160
12/1/2019,MSFT,164
12/1/2019,NVDA,142
12/1/2019,PFE,208
12/1/2019,PG,136
12/1/2019,QQQ,202
12/1/2019,SPY,58
12/1/2019,UNH,215
12/1/2019,VUG,138
12/1/2019,WMT,191
12/1/2019,XLF,191
12/1/2019,XLV,96
1/1/2020,AAPL,56
1/1/2020,ABBV,106
1/1/2020,BAC,86
1/1/2020,COST,223
1/1/2020,EURUSD=X,193
1/1/2020,META,97
1/1/2020,GBPUSD=X,170
1/1/2020,GOOGL,131
1/1/2020,GS,174
1/1/2020,INTC,84
1/1/2020,JNJ,167
1/1/2020,JPM,168
1/1/2020,JPY=X,219
1/1/2020,KO,149
1/1/2020,MS,160
1/1/2020,MSFT,164
1/1/2020,NVDA,142
1/1/2020,PFE,208
1/1/2020,PG,136
1/1/2020,QQQ,202
1/1/2020,SPY,58
1/1/2020,UNH,215
1/1/2020,VUG,138
1/1/2020,WMT,191
1/1/2020,XLF,191
1/1/2020,XLV,96
2/1/2020,AAPL,56
2/1/2020,ABBV,106
2/1/2020,BAC,86
2/1/2020,COST,223
2/1/2020,EURUSD=X,193
2/1/2020,META,97
2/1/2020,GBPUSD=X,170
2/1/2020,GOOGL,131
2/1/2020,GS,174
2/1/2020,INTC,84
2/1/2020,JNJ,95
2/1/2020,JPM,168
2/1/2020,JPY=X,219
2/1/2020,KO,149
2/1/2020,MS,160
2/1/2020,MSFT,247
2/1/2020,NVDA,142
2/1/2020,PFE,208
2/1/2020,PG,136
2/1/2020,QQQ,202
2/1/2020,SPY,58
2/1/2020,UNH,176
2/1/2020,VUG,165
2/1/2020,WMT,191
2/1/2020,XLF,191
2/1/2020,XLV,96
3/1/2020,AAPL,56
3/1/2020,ABBV,106
3/1/2020,BAC,86
3/1/2020,COST,223
3/1/2020,EURUSD=X,193
3/1/2020,META,97
3/1/2020,GBPUSD=X,170
3/1/2020,GOOGL,131
3/1/2020,GS,174
3/1/2020,INTC,84
3/1/2020,JNJ,95
3/1/2020,JPM,168
3/1/2020,JPY=X,134
3/1/2020,KO,149
3/1/2020,MS,160
3/1/2020,MSFT,247
3/1/2020,NVDA,142
3/1/2020,PFE,208
3/1/2020,PG,136
3/1/2020,QQQ,202
3/1/2020,SPY,58
3/1/2020,UNH,99
3/1/2020,VUG,165
3/1/2020,WMT,191
3/1/2020,XLF,191
3/1/2020,XLV,96
4/1/2020,AAPL,56
4/1/2020,ABBV,106
4/1/2020,BAC,86
4/1/2020,COST,223
4/1/2020,EURUSD=X,193
4/1/2020,META,97
4/1/2020,GBPUSD=X,170
4/1/2020,GOOGL,131
4/1/2020,GS,174
4/1/2020,INTC,84
4/1/2020,JNJ,95
4/1/2020,JPM,168
4/1/2020,JPY=X,134
4/1/2020,KO,149
4/1/2020,MS,160
4/1/2020,MSFT,247
4/1/2020,NVDA,142
4/1/2020,PFE,208
4/1/2020,PG,122
4/1/2020,QQQ,202
4/1/2020,SPY,58
4/1/2020,UNH,99
4/1/2020,VUG,165
4/1/2020,WMT,243
4/1/2020,XLF,191
4/1/2020,XLV,96
5/1/2020,AAPL,56
5/1/2020,ABBV,106
5/1/2020,BAC,86
5/1/2020,COST,223
5/1/2020,EURUSD=X,193
5/1/2020,META,97
5/1/2020,GBPUSD=X,170
5/1/2020,GOOGL,131
5/1/2020,GS,174
5/1/2020,INTC,84
5/1/2020,JNJ,95
5/1/2020,JPM,168
5/1/2020,JPY=X,134
5/1/2020,KO,149
5/1/2020,MS,160
5/1/2020,MSFT,247
5/1/2020,NVDA,142
5/1/2020,PFE,208
5/1/2020,PG,122
5/1/2020,QQQ,202
5/1/2020,SPY,58
5/1/2020,UNH,99
5/1/2020,VUG,165
5/1/2020,WMT,243
5/1/2020,XLF,191
5/1/2020,XLV,96
6/1/2020,AAPL,56
6/1/2020,ABBV,106
6/1/2020,BAC,86
6/1/2020,COST,223
6/1/2020,EURUSD=X,193
6/1/2020,META,97
6/1/2020,GBPUSD=X,170
6/1/2020,GOOGL,131
6/1/2020,GS,174
6/1/2020,INTC,84
6/1/2020,JNJ,95
6/1/2020,JPM,168
6/1/2020,JPY=X,134
6/1/2020,KO,149
6/1/2020,MS,160
6/1/2020,MSFT,247
6/1/2020,NVDA,142
6/1/2020,PFE,208
6/1/2020,PG,122
6/1/2020,QQQ,202
6/1/2020,SPY,58
6/1/2020,UNH,99
6/1/2020,VUG,165
6/1/2020,WMT,243
6/1/2020,XLF,191
6/1/2020,XLV,96
7/1/2020,AAPL,56
7/1/2020,ABBV,106
7/1/2020,BAC,86
7/1/2020,COST,223
7/1/2020,EURUSD=X,85
7/1/2020,META,97
7/1/2020,GBPUSD=X,170
7/1/2020,GOOGL,191
7/1/2020,GS,174
7/1/2020,INTC,152
7/1/2020,JNJ,95
7/1/2020,JPM,168
7/1/2020,JPY=X,134
7/1/2020,KO,149
7/1/2020,MS,160
7/1/2020,MSFT,247
7/1/2020,NVDA,142
7/1/2020,PFE,208
7/1/2020,PG,122
7/1/2020,QQQ,202
7/1/2020,SPY,58
7/1/2020,UNH,99
7/1/2020,VUG,165
7/1/2020,WMT,243
7/1/2020,XLF,191
7/1/2020,XLV,96
8/1/2020,AAPL,56
8/1/2020,ABBV,106
8/1/2020,BAC,86
8/1/2020,COST,223
8/1/2020,EURUSD=X,85
8/1/2020,META,97
8/1/2020,GBPUSD=X,170
8/1/2020,GOOGL,191
8/1/2020,GS,174
8/1/2020,INTC,152
8/1/2020,JNJ,95
8/1/2020,JPM,168
8/1/2020,JPY=X,134
8/1/2020,KO,149
8/1/2020,MS,160
8/1/2020,MSFT,247
8/1/2020,NVDA,142
8/1/2020,PFE,208
8/1/2020,PG,122
8/1/2020,QQQ,202
8/1/2020,SPY,58
8/1/2020,UNH,99
8/1/2020,VUG,165
8/1/2020,WMT,243
8/1/2020,XLF,191
8/1/2020,XLV,96
9/1/2020,AAPL,56
9/1/2020,ABBV,106
9/1/2020,BAC,86
9/1/2020,COST,223
9/1/2020,EURUSD=X,85
9/1/2020,META,97
9/1/2020,GBPUSD=X,170
9/1/2020,GOOGL,191
9/1/2020,GS,174
9/1/2020,INTC,152
9/1/2020,JNJ,95
9/1/2020,JPM,168
9/1/2020,JPY=X,134
9/1/2020,KO,149
9/1/2020,MS,160
9/1/2020,MSFT,247
9/1/2020,NVDA,142
9/1/2020,PFE,208
9/1/2020,PG,122
9/1/2020,QQQ,202
9/1/2020,SPY,58
9/1/2020,UNH,99
9/1/2020,VUG,165
9/1/2020,WMT,243
9/1/2020,XLF,191
9/1/2020,XLV,96
10/1/2020,AAPL,56
10/1/2020,ABBV,106
10/1/2020,BAC,136
10/1/2020,COST,223
10/1/2020,EURUSD=X,85
10/1/2020,META,97
10/1/2020,GBPUSD=X,170
10/1/2020,GOOGL,191
10/1/2020,GS,174
10/1/2020,INTC,152
10/1/2020,JNJ,95
10/1/2020,JPM,168
10/1/2020,JPY=X,134
10/1/2020,KO,149
10/1/2020,MS,160
10/1/2020,MSFT,247
10/1/2020,NVDA,142
10/1/2020,PFE,208
10/1/2020,PG,226
10/1/2020,QQQ,202
10/1/2020,SPY,58
10/1/2020,UNH,99
10/1/2020,VUG,165
10/1/2020,WMT,243
10/1/2020,XLF,191
10/1/2020,XLV,96
11/1/2020,AAPL,56
11/1/2020,ABBV,106
11/1/2020,BAC,136
11/1/2020,COST,223
11/1/2020,EURUSD=X,85
11/1/2020,META,97
11/1/2020,GBPUSD=X,170
11/1/2020,GOOGL,191
11/1/2020,GS,174
11/1/2020,INTC,152
11/1/2020,JNJ,95
11/1/2020,JPM,168
11/1/2020,JPY=X,134
11/1/2020,KO,149
11/1/2020,MS,194
11/1/2020,MSFT,247
11/1/2020,NVDA,142
11/1/2020,PFE,208
11/1/2020,PG,226
11/1/2020,QQQ,202
11/1/2020,SPY,58
11/1/2020,UNH,99
11/1/2020,VUG,165
11/1/2020,WMT,243
11/1/2020,XLF,191
11/1/2020,XLV,96
12/1/2020,AAPL,56
12/1/2020,ABBV,106
12/1/2020,BAC,136
12/1/2020,COST,223
12/1/2020,EURUSD=X,85
12/1/2020,META,97
12/1/2020,GBPUSD=X,170
12/1/2020,GOOGL,191
12/1/2020,GS,174
12/1/2020,INTC,152
12/1/2020,JNJ,95
12/1/2020,JPM,168
12/1/2020,JPY=X,134
12/1/2020,KO,149
12/1/2020,MS,194
12/1/2020,MSFT,247
12/1/2020,NVDA,142
12/1/2020,PFE,208
12/1/2020,PG,226
12/1/2020,QQQ,202
12/1/2020,SPY,58
12/1/2020,UNH,99
12/1/2020,VUG,165
12/1/2020,WMT,243
12/1/2020,XLF,191
12/1/2020,XLV,96
1/1/2021,AAPL,56
1/1/2021,ABBV,106
1/1/2021,BAC,136
1/1/2021,COST,223
1/1/2021,EURUSD=X,85
1/1/2021,META,97
1/1/2021,GBPUSD=X,170
1/1/2021,GOOGL,191
1/1/2021,GS,174
1/1/2021,INTC,152
1/1/2021,JNJ,242
1/1/2021,JPM,168
1/1/2021,JPY=X,134
1/1/2021,KO,149
1/1/2021,MS,194
1/1/2021,MSFT,247
1/1/2021,NVDA,142
1/1/2021,PFE,208
1/1/2021,PG,226
1/1/2021,QQQ,202
1/1/2021,SPY,58
1/1/2021,UNH,99
1/1/2021,VUG,165
1/1/2021,WMT,243
1/1/2021,XLF,191
1/1/2021,XLV,96
2/1/2021,AAPL,56
2/1/2021,ABBV,106
2/1/2021,BAC,136
2/1/2021,COST,223
2/1/2021,EURUSD=X,85
2/1/2021,META,97
2/1/2021,GBPUSD=X,170
2/1/2021,GOOGL,191
2/1/2021,GS,174
2/1/2021,INTC,152
2/1/2021,JNJ,242
2/1/2021,JPM,168
2/1/2021,JPY=X,134
2/1/2021,KO,149
2/1/2021,MS,194
2/1/2021,MSFT,247
2/1/2021,NVDA,142
2/1/2021,PFE,208
2/1/2021,PG,226
2/1/2021,QQQ,202
2/1/2021,SPY,58
2/1/2021,UNH,99
2/1/2021,VUG,172
2/1/2021,WMT,243
2/1/2021,XLF,191
2/1/2021,XLV,96
3/1/2021,AAPL,56
3/1/2021,ABBV,106
3/1/2021,BAC,169
3/1/2021,COST,223
3/1/2021,EURUSD=X,85
3/1/2021,META,97
3/1/2021,GBPUSD=X,170
3/1/2021,GOOGL,191
3/1/2021,GS,174
3/1/2021,INTC,152
3/1/2021,JNJ,242
3/1/2021,JPM,168
3/1/2021,JPY=X,134
3/1/2021,KO,55
3/1/2021,MS,194
3/1/2021,MSFT,247
3/1/2021,NVDA,142
3/1/2021,PFE,208
3/1/2021,PG,226
3/1/2021,QQQ,202
3/1/2021,SPY,58
3/1/2021,UNH,99
3/1/2021,VUG,172
3/1/2021,WMT,243
3/1/2021,XLF,191
3/1/2021,XLV,96
4/1/2021,AAPL,56
4/1/2021,ABBV,106
4/1/2021,BAC,169
4/1/2021,COST,223
4/1/2021,EURUSD=X,85
4/1/2021,META,97
4/1/2021,GBPUSD=X,170
4/1/2021,GOOGL,191
4/1/2021,GS,174
4/1/2021,INTC,152
4/1/2021,JNJ,242
4/1/2021,JPM,55
4/1/2021,JPY=X,134
4/1/2021,KO,55
4/1/2021,MS,194
4/1/2021,MSFT,247
4/1/2021,NVDA,142
4/1/2021,PFE,208
4/1/2021,PG,226
4/1/2021,QQQ,202
4/1/2021,SPY,58
4/1/2021,UNH,99
4/1/2021,VUG,172
4/1/2021,WMT,243
4/1/2021,XLF,191
4/1/2021,XLV,96
5/1/2021,AAPL,56
5/1/2021,ABBV,106
5/1/2021,BAC,169
5/1/2021,COST,223
5/1/2021,EURUSD=X,85
5/1/2021,META,97
5/1/2021,GBPUSD=X,170
5/1/2021,GOOGL,191
5/1/2021,GS,174
5/1/2021,INTC,152
5/1/2021,JNJ,242
5/1/2021,JPM,55
5/1/2021,JPY=X,134
5/1/2021,KO,55
5/1/2021,MS,194
5/1/2021,MSFT,247
5/1/2021,NVDA,142
5/1/2021,PFE,208
5/1/2021,PG,226
5/1/2021,QQQ,202
5/1/2021,SPY,58
5/1/2021,UNH,183
5/1/2021,VUG,172
5/1/2021,WMT,238
5/1/2021,XLF,191
5/1/2021,XLV,96
6/1/2021,AAPL,56
6/1/2021,ABBV,106
6/1/2021,BAC,169
6/1/2021,COST,56
6/1/2021,EURUSD=X,85
6/1/2021,META,97
6/1/2021,GBPUSD=X,170
6/1/2021,GOOGL,191
6/1/2021,GS,189
6/1/2021,INTC,152
6/1/2021,JNJ,242
6/1/2021,JPM,55
6/1/2021,JPY=X,134
6/1/2021,KO,55
6/1/2021,MS,194
6/1/2021,MSFT,247
6/1/2021,NVDA,153
6/1/2021,PFE,208
6/1/2021,PG,226
6/1/2021,QQQ,202
6/1/2021,SPY,58
6/1/2021,UNH,183
6/1/2021,VUG,172
6/1/2021,WMT,238
6/1/2021,XLF,191
6/1/2021,XLV,96
7/1/2021,AAPL,56
7/1/2021,ABBV,106
7/1/2021,BAC,169
7/1/2021,COST,56
7/1/2021,EURUSD=X,85
7/1/2021,META,97
7/1/2021,GBPUSD=X,170
7/1/2021,GOOGL,191
7/1/2021,GS,189
7/1/2021,INTC,152
7/1/2021,JNJ,210
7/1/2021,JPM,55
7/1/2021,JPY=X,134
7/1/2021,KO,55
7/1/2021,MS,194
7/1/2021,MSFT,247
7/1/2021,NVDA,126
7/1/2021,PFE,208
7/1/2021,PG,226
7/1/2021,QQQ,202
7/1/2021,SPY,58
7/1/2021,UNH,183
7/1/2021,VUG,172
7/1/2021,WMT,229
7/1/2021,XLF,191
7/1/2021,XLV,96
8/1/2021,AAPL,56
8/1/2021,ABBV,106
8/1/2021,BAC,169
8/1/2021,COST,56
8/1/2021,EURUSD=X,85
8/1/2021,META,97
8/1/2021,GBPUSD=X,170
8/1/2021,GOOGL,191
8/1/2021,GS,189
8/1/2021,INTC,143
8/1/2021,JNJ,210
8/1/2021,JPM,55
8/1/2021,JPY=X,134
8/1/2021,KO,55
8/1/2021,MS,194
8/1/2021,MSFT,247
8/1/2021,NVDA,126
8/1/2021,PFE,208
8/1/2021,PG,226
8/1/2021,QQQ,202
8/1/2021,SPY,58
8/1/2021,UNH,183
8/1/2021,VUG,172
8/1/2021,WMT,229
8/1/2021,XLF,191
8/1/2021,XLV,96
9/1/2021,AAPL,56
9/1/2021,ABBV,106
9/1/2021,BAC,94
9/1/2021,COST,56
9/1/2021,EURUSD=X,85
9/1/2021,META,97
9/1/2021,GBPUSD=X,170
9/1/2021,GOOGL,191
9/1/2021,GS,189
9/1/2021,INTC,143
9/1/2021,JNJ,210
9/1/2021,JPM,55
9/1/2021,JPY=X,134
9/1/2021,KO,55
9/1/2021,MS,194
9/1/2021,MSFT,247
9/1/2021,NVDA,126
9/1/2021,PFE,208
9/1/2021,PG,226
9/1/2021,QQQ,202
9/1/2021,SPY,58
9/1/2021,UNH,183
9/1/2021,VUG,172
9/1/2021,WMT,229
9/1/2021,XLF,191
9/1/2021,XLV,96
10/1/2021,AAPL,56
10/1/2021,ABBV,106
10/1/2021,BAC,94
10/1/2021,COST,56
10/1/2021,EURUSD=X,85
10/1/2021,META,97
10/1/2021,GBPUSD=X,170
10/1/2021,GOOGL,191
10/1/2021,GS,189
10/1/2021,INTC,143
10/1/2021,JNJ,210
10/1/2021,JPM,55
10/1/2021,JPY=X,134
10/1/2021,KO,55
10/1/2021,MS,194
10/1/2021,MSFT,247
10/1/2021,NVDA,126
10/1/2021,PFE,208
10/1/2021,PG,226
10/1/2021,QQQ,202
10/1/2021,SPY,58
10/1/2021,UNH,183
10/1/2021,VUG,172
10/1/2021,WMT,229
10/1/2021,XLF,191
10/1/2021,XLV,96
11/1/2021,AAPL,56
11/1/2021,ABBV,106
11/1/2021,BAC,94
11/1/2021,COST,56
11/1/2021,EURUSD=X,85
11/1/2021,META,97
11/1/2021,GBPUSD=X,170
11/1/2021,GOOGL,191
11/1/2021,GS,128
11/1/2021,INTC,201
11/1/2021,JNJ,210
11/1/2021,JPM,55
11/1/2021,JPY=X,134
11/1/2021,KO,55
11/1/2021,MS,194
11/1/2021,MSFT,247
11/1/2021,NVDA,126
11/1/2021,PFE,76
11/1/2021,PG,226
11/1/2021,QQQ,202
11/1/2021,SPY,58
11/1/2021,UNH,183
11/1/2021,VUG,172
11/1/2021,WMT,229
11/1/2021,XLF,80
11/1/2021,XLV,96
12/1/2021,AAPL,56
12/1/2021,ABBV,106
12/1/2021,BAC,94
12/1/2021,COST,56
12/1/2021,EURUSD=X,85
12/1/2021,META,97
12/1/2021,GBPUSD=X,170
12/1/2021,GOOGL,191
12/1/2021,GS,128
12/1/2021,INTC,201
12/1/2021,JNJ,112
12/1/2021,JPM,55
12/1/2021,JPY=X,134
12/1/2021,KO,55
12/1/2021,MS,194
12/1/2021,MSFT,247
12/1/2021,NVDA,126
12/1/2021,PFE,76
12/1/2021,PG,226
12/1/2021,QQQ,202
12/1/2021,SPY,58
12/1/2021,UNH,183
12/1/2021,VUG,172
12/1/2021,WMT,229
12/1/2021,XLF,80
12/1/2021,XLV,96
1/1/2022,AAPL,56
1/1/2022,ABBV,106
1/1/2022,BAC,94
1/1/2022,COST,56
1/1/2022,EURUSD=X,85
1/1/2022,META,97
1/1/2022,GBPUSD=X,170
1/1/2022,GOOGL,191
1/1/2022,GS,128
1/1/2022,INTC,201
1/1/2022,JNJ,112
1/1/2022,JPM,55
1/1/2022,JPY=X,134
1/1/2022,KO,55
1/1/2022,MS,155
1/1/2022,MSFT,247
1/1/2022,NVDA,126
1/1/2022,PFE,76
1/1/2022,PG,226
1/1/2022,QQQ,202
1/1/2022,SPY,58
1/1/2022,UNH,183
1/1/2022,VUG,172
1/1/2022,WMT,229
1/1/2022,XLF,80
1/1/2022,XLV,96
2/1/2022,AAPL,56
2/1/2022,ABBV,106
2/1/2022,BAC,94
2/1/2022,COST,56
2/1/2022,EURUSD=X,85
2/1/2022,META,97
2/1/2022,GBPUSD=X,170
2/1/2022,GOOGL,191
2/1/2022,GS,128
2/1/2022,INTC,187
2/1/2022,JNJ,112
2/1/2022,JPM,55
2/1/2022,JPY=X,134
2/1/2022,KO,55
2/1/2022,MS,155
2/1/2022,MSFT,247
2/1/2022,NVDA,126
2/1/2022,PFE,76
2/1/2022,PG,226
2/1/2022,QQQ,202
2/1/2022,SPY,58
2/1/2022,UNH,183
2/1/2022,VUG,172
2/1/2022,WMT,229
2/1/2022,XLF,80
2/1/2022,XLV,96
3/1/2022,AAPL,56
3/1/2022,ABBV,106
3/1/2022,BAC,94
3/1/2022,COST,56
3/1/2022,EURUSD=X,85
3/1/2022,META,97
3/1/2022,GBPUSD=X,170
3/1/2022,GOOGL,191
3/1/2022,GS,223
3/1/2022,INTC,187
3/1/2022,JNJ,112
3/1/2022,JPM,55
3/1/2022,JPY=X,134
3/1/2022,KO,55
3/1/2022,MS,155
3/1/2022,MSFT,247
3/1/2022,NVDA,126
3/1/2022,PFE,76
3/1/2022,PG,226
3/1/2022,QQQ,202
3/1/2022,SPY,58
3/1/2022,UNH,183
3/1/2022,VUG,172
3/1/2022,WMT,229
3/1/2022,XLF,80
3/1/2022,XLV,96
4/1/2022,AAPL,56
4/1/2022,ABBV,106
4/1/2022,BAC,94
4/1/2022,COST,56
4/1/2022,EURUSD=X,149
4/1/2022,META,97
4/1/2022,GBPUSD=X,170
4/1/2022,GOOGL,191
4/1/2022,GS,223
4/1/2022,INTC,187
4/1/2022,JNJ,112
4/1/2022,JPM,55
4/1/2022,JPY=X,134
4/1/2022,KO,55
4/1/2022,MS,155
4/1/2022,MSFT,247
4/1/2022,NVDA,126
4/1/2022,PFE,76
4/1/2022,PG,226
4/1/2022,QQQ,202
4/1/2022,SPY,58
4/1/2022,UNH,183
4/1/2022,VUG,172
4/1/2022,WMT,229
4/1/2022,XLF,80
4/1/2022,XLV,96
5/1/2022,AAPL,56
5/1/2022,ABBV,106
5/1/2022,BAC,94
5/1/2022,COST,56
5/1/2022,EURUSD=X,149
5/1/2022,META,97
5/1/2022,GBPUSD=X,170
5/1/2022,GOOGL,191
5/1/2022,GS,223
5/1/2022,INTC,187
5/1/2022,JNJ,112
5/1/2022,JPM,55
5/1/2022,JPY=X,134
5/1/2022,KO,55
5/1/2022,MS,155
5/1/2022,MSFT,247
5/1/2022,NVDA,126
5/1/2022,PFE,76
5/1/2022,PG,226
5/1/2022,QQQ,202
5/1/2022,SPY,58
5/1/2022,UNH,183
5/1/2022,VUG,172
5/1/2022,WMT,229
5/1/2022,XLF,80
5/1/2022,XLV,96
6/1/2022,AAPL,56
6/1/2022,ABBV,101
6/1/2022,BAC,94
6/1/2022,COST,210
6/1/2022,EURUSD=X,149
6/1/2022,META,97
6/1/2022,GBPUSD=X,170
6/1/2022,GOOGL,191
6/1/2022,GS,223
6/1/2022,INTC,187
6/1/2022,JNJ,112
6/1/2022,JPM,55
6/1/2022,JPY=X,134
6/1/2022,KO,55
6/1/2022,MS,155
6/1/2022,MSFT,247
6/1/2022,NVDA,126
6/1/2022,PFE,76
6/1/2022,PG,226
6/1/2022,QQQ,202
6/1/2022,SPY,58
6/1/2022,UNH,183
6/1/2022,VUG,172
6/1/2022,WMT,229
6/1/2022,XLF,80
6/1/2022,XLV,96
7/1/2022,AAPL,56
7/1/2022,ABBV,101
7/1/2022,BAC,94
7/1/2022,COST,210
7/1/2022,EURUSD=X,149
7/1/2022,META,97
7/1/2022,GBPUSD=X,170
7/1/2022,GOOGL,191
7/1/2022,GS,223
7/1/2022,INTC,187
7/1/2022,JNJ,112
7/1/2022,JPM,55
7/1/2022,JPY=X,134
7/1/2022,KO,55
7/1/2022,MS,155
7/1/2022,MSFT,247
7/1/2022,NVDA,126
7/1/2022,PFE,76
7/1/2022,PG,226
7/1/2022,QQQ,161
7/1/2022,SPY,58
7/1/2022,UNH,183
7/1/2022,VUG,172
7/1/2022,WMT,229
7/1/2022,XLF,80
7/1/2022,XLV,96
8/1/2022,AAPL,56
8/1/2022,ABBV,101
8/1/2022,BAC,94
8/1/2022,COST,210
8/1/2022,EURUSD=X,149
8/1/2022,META,97
8/1/2022,GBPUSD=X,170
8/1/2022,GOOGL,191
8/1/2022,GS,223
8/1/2022,INTC,187
8/1/2022,JNJ,112
8/1/2022,JPM,55
8/1/2022,JPY=X,134
8/1/2022,KO,55
8/1/2022,MS,155
8/1/2022,MSFT,247
8/1/2022,NVDA,126
8/1/2022,PFE,76
8/1/2022,PG,226
8/1/2022,QQQ,161
8/1/2022,SPY,58
8/1/2022,UNH,183
8/1/2022,VUG,172
8/1/2022,WMT,229
8/1/2022,XLF,80
8/1/2022,XLV,96
9/1/2022,AAPL,56
9/1/2022,ABBV,101
9/1/2022,BAC,94
9/1/2022,COST,210
9/1/2022,EURUSD=X,149
9/1/2022,META,97
9/1/2022,GBPUSD=X,170
9/1/2022,GOOGL,191
9/1/2022,GS,223
9/1/2022,INTC,187
9/1/2022,JNJ,112
9/1/2022,JPM,55
9/1/2022,JPY=X,134
9/1/2022,KO,55
9/1/2022,MS,155
9/1/2022,MSFT,247
9/1/2022,NVDA,126
9/1/2022,PFE,56
9/1/2022,PG,226
9/1/2022,QQQ,161
9/1/2022,SPY,58
9/1/2022,UNH,183
9/1/2022,VUG,172
9/1/2022,WMT,229
9/1/2022,XLF,80
9/1/2022,XLV,96
10/1/2022,AAPL,56
10/1/2022,ABBV,101
10/1/2022,BAC,94
10/1/2022,COST,210
10/1/2022,EURUSD=X,149
10/1/2022,META,97
10/1/2022,GBPUSD=X,170
10/1/2022,GOOGL,191
10/1/2022,GS,223
10/1/2022,INTC,187
10/1/2022,JNJ,112
10/1/2022,JPM,55
10/1/2022,JPY=X,134
10/1/2022,KO,55
10/1/2022,MS,155
10/1/2022,MSFT,247
10/1/2022,NVDA,126
10/1/2022,PFE,56
10/1/2022,PG,226
10/1/2022,QQQ,161
10/1/2022,SPY,58
10/1/2022,UNH,183
10/1/2022,VUG,172
10/1/2022,WMT,229
10/1/2022,XLF,80
10/1/2022,XLV,96
11/1/2022,AAPL,56
11/1/2022,ABBV,101
11/1/2022,BAC,94
11/1/2022,COST,210
11/1/2022,EURUSD=X,149
11/1/2022,GBPUSD=X,170
11/1/2022,GOOGL,191
11/1/2022,GS,223
11/1/2022,INTC,187
11/1/2022,JNJ,112
11/1/2022,JPM,55
11/1/2022,JPY=X,134
11/1/2022,KO,55
11/1/2022,META,97
11/1/2022,MS,155
11/1/2022,MSFT,247
11/1/2022,NVDA,126
11/1/2022,PFE,56
11/1/2022,PG,226
11/1/2022,QQQ,161
11/1/2022,SPY,58
11/1/2022,UNH,183
11/1/2022,VUG,172
11/1/2022,WMT,229
11/1/2022,XLF,80
11/1/2022,XLV,96
12/1/2022,AAPL,56
12/1/2022,ABBV,101
12/1/2022,BAC,94
12/1/2022,COST,210
12/1/2022,EURUSD=X,149
12/1/2022,GBPUSD=X,170
12/1/2022,GOOGL,191
12/1/2022,GS,223
12/1/2022,INTC,187
12/1/2022,JNJ,112
12/1/2022,JPM,55
12/1/2022,JPY=X,134
12/1/2022,KO,55
12/1/2022,META,97
12/1/2022,MS,121
12/1/2022,MSFT,247
12/1/2022,NVDA,126
12/1/2022,PFE,56
12/1/2022,PG,226
12/1/2022,QQQ,161
12/1/2022,SPY,58
12/1/2022,UNH,183
12/1/2022,VUG,172
12/1/2022,WMT,229
12/1/2022,XLF,80
12/1/2022,XLV,96
1/1/2023,AAPL,56
1/1/2023,ABBV,101
1/1/2023,BAC,94
1/1/2023,COST,210
1/1/2023,EURUSD=X,149
1/1/2023,GBPUSD=X,170
1/1/2023,GOOGL,191
1/1/2023,GS,223
1/1/2023,INTC,187
1/1/2023,JNJ,112
1/1/2023,JPM,117
1/1/2023,JPY=X,134
1/1/2023,KO,55
1/1/2023,META,97
1/1/2023,MS,121
1/1/2023,MSFT,247
1/1/2023,NVDA,152
1/1/2023,PFE,56
1/1/2023,PG,226
1/1/2023,QQQ,161
1/1/2023,SPY,58
1/1/2023,UNH,183
1/1/2023,VUG,172
1/1/2023,WMT,229
1/1/2023,XLF,80
1/1/2023,XLV,96
2/1/2023,AAPL,56
2/1/2023,ABBV,101
2/1/2023,BAC,94
2/1/2023,COST,210
2/1/2023,EURUSD=X,68
2/1/2023,GBPUSD=X,170
2/1/2023,GOOGL,191
2/1/2023,GS,223
2/1/2023,INTC,215
2/1/2023,JNJ,112
2/1/2023,JPM,117
2/1/2023,JPY=X,134
2/1/2023,KO,55
2/1/2023,META,97
2/1/2023,MS,121
2/1/2023,MSFT,66
2/1/2023,NVDA,152
2/1/2023,PFE,56
2/1/2023,PG,226
2/1/2023,QQQ,161
2/1/2023,SPY,58
2/1/2023,UNH,183
2/1/2023,VUG,172
2/1/2023,WMT,229
2/1/2023,XLF,80
2/1/2023,XLV,96
3/1/2023,AAPL,56
3/1/2023,ABBV,101
3/1/2023,BAC,94
3/1/2023,COST,210
3/1/2023,EURUSD=X,68
3/1/2023,GBPUSD=X,170
3/1/2023,GOOGL,191
3/1/2023,GS,223
3/1/2023,INTC,215
3/1/2023,JNJ,112
3/1/2023,JPM,117
3/1/2023,JPY=X,155
3/1/2023,KO,55
3/1/2023,META,97
3/1/2023,MS,121
3/1/2023,MSFT,66
3/1/2023,NVDA,152
3/1/2023,PFE,56
3/1/2023,PG,226
3/1/2023,QQQ,226
3/1/2023,SPY,58
3/1/2023,UNH,183
3/1/2023,VUG,172
3/1/2023,WMT,229
3/1/2023,XLF,80
3/1/2023,XLV,96
4/1/2023,AAPL,56
4/1/2023,ABBV,101
4/1/2023,BAC,94
4/1/2023,COST,210
4/1/2023,EURUSD=X,68
4/1/2023,GBPUSD=X,170
4/1/2023,GOOGL,191
4/1/2023,GS,223
4/1/2023,INTC,215
4/1/2023,JNJ,112
4/1/2023,JPM,117
4/1/2023,JPY=X,155
4/1/2023,KO,55
4/1/2023,META,97
4/1/2023,MS,121
4/1/2023,MSFT,66
4/1/2023,NVDA,152
4/1/2023,PFE,56
4/1/2023,PG,226
4/1/2023,QQQ,226
4/1/2023,SPY,58
4/1/2023,UNH,183
4/1/2023,VUG,172
4/1/2023,WMT,229
4/1/2023,XLF,80
4/1/2023,XLV,96
5/1/2023,AAPL,56
5/1/2023,ABBV,101
5/1/2023,BAC,94
5/1/2023,COST,210
5/1/2023,EURUSD=X,68
5/1/2023,GBPUSD=X,170
5/1/2023,GOOGL,191
5/1/2023,GS,54
5/1/2023,INTC,215
5/1/2023,JNJ,112
5/1/2023,JPM,117
5/1/2023,JPY=X,230
5/1/2023,KO,55
5/1/2023,META,97
5/1/2023,MS,121
5/1/2023,MSFT,66
5/1/2023,NVDA,152
5/1/2023,PFE,56
5/1/2023,PG,226
5/1/2023,QQQ,226
5/1/2023,SPY,58
5/1/2023,UNH,183
5/1/2023,VUG,172
5/1/2023,WMT,229
5/1/2023,XLF,80
5/1/2023,XLV,96
6/1/2023,AAPL,56
6/1/2023,ABBV,101
6/1/2023,BAC,94
6/1/2023,COST,127
6/1/2023,EURUSD=X,68
6/1/2023,GBPUSD=X,170
6/1/2023,GOOGL,191
6/1/2023,GS,54
6/1/2023,INTC,215
6/1/2023,JNJ,112
6/1/2023,JPM,117
6/1/2023,JPY=X,230
6/1/2023,KO,55
6/1/2023,META,97
6/1/2023,MS,121
6/1/2023,MSFT,66
6/1/2023,NVDA,152
6/1/2023,PFE,56
6/1/2023,PG,226
6/1/2023,QQQ,226
6/1/2023,SPY,58
6/1/2023,UNH,183
6/1/2023,VUG,172
6/1/2023,WMT,229
6/1/2023,XLF,80
6/1/2023,XLV,96
7/1/2023,AAPL,56
7/1/2023,ABBV,101
7/1/2023,BAC,94
7/1/2023,COST,127
7/1/2023,EURUSD=X,68
7/1/2023,GBPUSD=X,170
7/1/2023,GOOGL,191
7/1/2023,GS,54
7/1/2023,INTC,215
7/1/2023,JNJ,112
7/1/2023,JPM,53
7/1/2023,JPY=X,230
7/1/2023,KO,55
7/1/2023,META,97
7/1/2023,MS,121
7/1/2023,MSFT,66
7/1/2023,NVDA,152
7/1/2023,PFE,208
7/1/2023,PG,214
7/1/2023,QQQ,226
7/1/2023,SPY,58
7/1/2023,UNH,183
7/1/2023,VUG,172
7/1/2023,WMT,229
7/1/2023,XLF,80
7/1/2023,XLV,96
8/1/2023,AAPL,56
8/1/2023,ABBV,86
8/1/2023,BAC,94
8/1/2023,COST,127
8/1/2023,EURUSD=X,68
8/1/2023,GBPUSD=X,170
8/1/2023,GOOGL,191
8/1/2023,GS,54
8/1/2023,INTC,215
8/1/2023,JNJ,112
8/1/2023,JPM,53
8/1/2023,JPY=X,230
8/1/2023,KO,55
8/1/2023,META,97
8/1/2023,MS,121
8/1/2023,MSFT,66
8/1/2023,NVDA,152
8/1/2023,PFE,208
8/1/2023,PG,214
8/1/2023,QQQ,226
8/1/2023,SPY,58
8/1/2023,UNH,183
8/1/2023,VUG,172
8/1/2023,WMT,229
8/1/2023,XLF,80
8/1/2023,XLV,96
9/1/2023,AAPL,56
9/1/2023,ABBV,86
9/1/2023,BAC,94
9/1/2023,COST,127
9/1/2023,EURUSD=X,68
9/1/2023,GBPUSD=X,170
9/1/2023,GOOGL,191
9/1/2023,GS,54
9/1/2023,INTC,215
9/1/2023,JNJ,112
9/1/2023,JPM,53
9/1/2023,JPY=X,230
9/1/2023,KO,55
9/1/2023,META,97
9/1/2023,MS,121
9/1/2023,MSFT,66
9/1/2023,NVDA,152
9/1/2023,PFE,208
9/1/2023,PG,214
9/1/2023,QQQ,226
9/1/2023,SPY,58
9/1/2023,UNH,183
9/1/2023,VUG,172
9/1/2023,WMT,229
9/1/2023,XLF,80
9/1/2023,XLV,96
10/1/2023,AAPL,56
10/1/2023,ABBV,86
10/1/2023,BAC,94
10/1/2023,COST,127
10/1/2023,EURUSD=X,68
10/1/2023,GBPUSD=X,170
10/1/2023,GOOGL,191
10/1/2023,GS,54
10/1/2023,INTC,215
10/1/2023,JNJ,112
10/1/2023,JPM,53
10/1/2023,JPY=X,230
10/1/2023,KO,55
10/1/2023,META,97
10/1/2023,MS,121
10/1/2023,MSFT,66
10/1/2023,NVDA,152
10/1/2023,PFE,208
10/1/2023,PG,214
10/1/2023,QQQ,226
10/1/2023,SPY,58
10/1/2023,UNH,183
10/1/2023,VUG,172
10/1/2023,WMT,229
10/1/2023,XLF,80
10/1/2023,XLV,96
11/1/2023,AAPL,56
11/1/2023,ABBV,86
11/1/2023,BAC,94
11/1/2023,COST,127
11/1/2023,EURUSD=X,68
11/1/2023,GBPUSD=X,170
11/1/2023,GOOGL,191
11/1/2023,GS,54
11/1/2023,INTC,215
11/1/2023,JNJ,112
11/1/2023,JPM,53
11/1/2023,JPY=X,230
11/1/2023,KO,55
11/1/2023,META,97
11/1/2023,MS,121
11/1/2023,MSFT,66
11/1/2023,NVDA,152
11/1/2023,PFE,208
11/1/2023,PG,214
11/1/2023,QQQ,226
11/1/2023,SPY,58
11/1/2023,UNH,183
11/1/2023,VUG,172
11/1/2023,WMT,229
11/1/2023,XLF,80
11/1/2023,XLV,96
12/1/2023,AAPL,56
12/1/2023,ABBV,86
12/1/2023,BAC,94
12/1/2023,COST,127
12/1/2023,EURUSD=X,68
12/1/2023,GBPUSD=X,170
12/1/2023,GOOGL,191
12/1/2023,GS,54
12/1/2023,INTC,215
12/1/2023,JNJ,112
12/1/2023,JPM,53
12/1/2023,JPY=X,230
12/1/2023,KO,55
12/1/2023,META,97
12/1/2023,MS,121
12/1/2023,MSFT,66
12/1/2023,NVDA,152
12/1/2023,PFE,208
12/1/2023,PG,214
12/1/2023,QQQ,226
12/1/2023,SPY,58
12/1/2023,UNH,183
12/1/2023,VUG,172
12/1/2023,WMT,229
12/1/2023,XLF,80
12/1/2023,XLV,96
1/1/2024,AAPL,56
1/1/2024,ABBV,86
1/1/2024,BAC,94
1/1/2024,COST,127
1/1/2024,EURUSD=X,68
1/1/2024,GBPUSD=X,170
1/1/2024,GOOGL,191
1/1/2024,GS,54
1/1/2024,INTC,215
1/1/2024,JNJ,112
1/1/2024,JPM,53
1/1/2024,JPY=X,230
1/1/2024,KO,55
1/1/2024,META,97
1/1/2024,MS,121
1/1/2024,MSFT,66
1/1/2024,NVDA,152
1/1/2024,PFE,208
1/1/2024,PG,59
1/1/2024,QQQ,226
1/1/2024,SPY,58
1/1/2024,UNH,183
1/1/2024,VUG,172
1/1/2024,WMT,229
1/1/2024,XLF,80
1/1/2024,XLV,96
2/1/2024,AAPL,56
2/1/2024,ABBV,86
2/1/2024,BAC,94
2/1/2024,COST,127
2/1/2024,EURUSD=X,68
2/1/2024,GBPUSD=X,170
2/1/2024,GOOGL,191
2/1/2024,GS,54
2/1/2024,INTC,215
2/1/2024,JNJ,112
2/1/2024,JPM,53
2/1/2024,JPY=X,230
2/1/2024,KO,55
2/1/2024,META,97
2/1/2024,MS,121
2/1/2024,MSFT,66
2/1/2024,NVDA,152
2/1/2024,PFE,208
2/1/2024,PG,59
2/1/2024,QQQ,226
2/1/2024,SPY,58
2/1/2024,UNH,183
2/1/2024,VUG,172
2/1/2024,WMT,229
2/1/2024,XLF,80
2/1/2024,XLV,96
3/1/2024,AAPL,56
3/1/2024,ABBV,86
3/1/2024,BAC,94
3/1/2024,COST,160
3/1/2024,EURUSD=X,68
3/1/2024,GBPUSD=X,170
3/1/2024,GOOGL,191
3/1/2024,GS,54
3/1/2024,INTC,215
3/1/2024,JNJ,112
3/1/2024,JPM,53
3/1/2024,JPY=X,230
3/1/2024,KO,55
3/1/2024,META,97
3/1/2024,MS,121
3/1/2024,MSFT,66
3/1/2024,NVDA,152
3/1/2024,PFE,208
3/1/2024,PG,59
3/1/2024,QQQ,226
3/1/2024,SPY,58
3/1/2024,UNH,183
3/1/2024,VUG,172
3/1/2024,WMT,229
3/1/2024,XLF,80
3/1/2024,XLV,237
4/1/2024,AAPL,56
4/1/2024,ABBV,86
4/1/2024,BAC,94
4/1/2024,COST,160
4/1/2024,EURUSD=X,68
4/1/2024,GBPUSD=X,170
4/1/2024,GOOGL,191
4/1/2024,GS,54
4/1/2024,INTC,215
4/1/2024,JNJ,112
4/1/2024,JPM,53
4/1/2024,JPY=X,230
4/1/2024,KO,55
4/1/2024,META,97
4/1/2024,MS,121
4/1/2024,MSFT,66
4/1/2024,NVDA,152
4/1/2024,PFE,208
4/1/2024,PG,59
4/1/2024,QQQ,226
4/1/2024,SPY,58
4/1/2024,UNH,183
4/1/2024,VUG,172
4/1/2024,WMT,229
4/1/2024,XLF,80
4/1/2024,XLV,237
5/1/2024,AAPL,147
5/1/2024,ABBV,86
5/1/2024,BAC,124
5/1/2024,COST,160
5/1/2024,EURUSD=X,68
5/1/2024,GBPUSD=X,170
5/1/2024,GOOGL,191
5/1/2024,GS,54
5/1/2024,INTC,215
5/1/2024,JNJ,112
5/1/2024,JPM,53
5/1/2024,JPY=X,230
5/1/2024,KO,55
5/1/2024,META,97
5/1/2024,MS,121
5/1/2024,MSFT,66
5/1/2024,NVDA,152
5/1/2024,PFE,208
5/1/2024,PG,59
5/1/2024,QQQ,226
5/1/2024,SPY,58
5/1/2024,UNH,183
5/1/2024,VUG,172
5/1/2024,WMT,229
5/1/2024,XLF,80
5/1/2024,XLV,237
6/1/2024,AAPL,147
6/1/2024,ABBV,86
6/1/2024,BAC,124
6/1/2024,COST,160
6/1/2024,EURUSD=X,68
6/1/2024,GBPUSD=X,170
6/1/2024,GOOGL,129
6/1/2024,GS,54
6/1/2024,INTC,215
6/1/2024,JNJ,112
6/1/2024,JPM,53
6/1/2024,JPY=X,230
6/1/2024,KO,55
6/1/2024,META,97
6/1/2024,MS,121
6/1/2024,MSFT,66
6/1/2024,NVDA,152
6/1/2024,PFE,208
6/1/2024,PG,59
6/1/2024,QQQ,226
6/1/2024,SPY,58
6/1/2024,UNH,183
6/1/2024,VUG,172
6/1/2024,WMT,229
6/1/2024,XLF,80
6/1/2024,XLV,237
7/1/2024,AAPL,147
7/1/2024,ABBV,86
7/1/2024,BAC,124
7/1/2024,COST,160
7/1/2024,EURUSD=X,68
7/1/2024,GBPUSD=X,170
7/1/2024,GOOGL,129
7/1/2024,GS,54
7/1/2024,INTC,215
7/1/2024,JNJ,112
7/1/2024,JPM,53
7/1/2024,JPY=X,230
7/1/2024,KO,55
7/1/2024,META,97
7/1/2024,MS,121
7/1/2024,MSFT,66
7/1/2024,NVDA,152
7/1/2024,PFE,208
7/1/2024,PG,59
7/1/2024,QQQ,226
7/1/2024,SPY,58
7/1/2024,UNH,72
7/1/2024,VUG,172
7/1/2024,WMT,229
7/1/2024,XLF,80
7/1/2024,XLV,237
8/1/2024,AAPL,147
8/1/2024,ABBV,86
8/1/2024,BAC,124
8/1/2024,COST,160
8/1/2024,EURUSD=X,68
8/1/2024,GBPUSD=X,170
8/1/2024,GOOGL,129
8/1/2024,GS,54
8/1/2024,INTC,215
8/1/2024,JNJ,112
8/1/2024,JPM,53
8/1/2024,JPY=X,230
8/1/2024,KO,55
8/1/2024,META,97
8/1/2024,MS,121
8/1/2024,MSFT,66
8/1/2024,NVDA,152
8/1/2024,PFE,208
8/1/2024,PG,59
8/1/2024,QQQ,226
8/1/2024,SPY,58
8/1/2024,UNH,72
8/1/2024,VUG,172
8/1/2024,WMT,229
8/1/2024,XLF,80
8/1/2024,XLV,237
9/1/2024,AAPL,147
9/1/2024,ABBV,86
9/1/2024,BAC,124
9/1/2024,COST,160
9/1/2024,EURUSD=X,68
9/1/2024,GBPUSD=X,170
9/1/2024,GOOGL,129
9/1/2024,GS,54
9/1/2024,INTC,215
9/1/2024,JNJ,112
9/1/2024,JPM,53
9/1/2024,JPY=X,230
9/1/2024,KO,55
9/1/2024,META,97
9/1/2024,MS,121
9/1/2024,MSFT,66
9/1/2024,NVDA,152
9/1/2024,PFE,208
9/1/2024,PG,59
9/1/2024,QQQ,226
9/1/2024,SPY,58
9/1/2024,UNH,72
9/1/2024,VUG,172
9/1/2024,WMT,229
9/1/2024,XLF,80
9/1/2024,XLV,237
10/1/2024,AAPL,147
10/1/2024,ABBV,86
10/1/2024,BAC,124
10/1/2024,COST,160
10/1/2024,EURUSD=X,68
10/1/2024,GBPUSD=X,170
10/1/2024,GOOGL,129
10/1/2024,GS,54
10/1/2024,INTC,215
10/1/2024,JNJ,112
10/1/2024,JPM,53
10/1/2024,JPY=X,230
10/1/2024,KO,55
10/1/2024,META,97
10/1/2024,MS,121
10/1/2024,MSFT,66
10/1/2024,NVDA,152
10/1/2024,PFE,208
10/1/2024,PG,59
10/1/2024,QQQ,226
10/1/2024,SPY,58
10/1/2024,UNH,72
10/1/2024,VUG,172
10/1/2024,WMT,229
10/1/2024,XLF,80
10/1/2024,XLV,237
11/1/2024,AAPL,147
11/1/2024,ABBV,86
11/1/2024,BAC,124
11/1/2024,COST,160
11/1/2024,EURUSD=X,68
11/1/2024,GBPUSD=X,170
11/1/2024,GOOGL,129
11/1/2024,GS,54
11/1/2024,INTC,215
11/1/2024,JNJ,112
11/1/2024,JPM,53
11/1/2024,JPY=X,230
11/1/2024,KO,55
11/1/2024,META,97
11/1/2024,MS,121
11/1/2024,MSFT,66
11/1/2024,NVDA,152
11/1/2024,PFE,208
11/1/2024,PG,59
11/1/2024,QQQ,226
11/1/2024,SPY,58
11/1/2024,UNH,72
11/1/2024,VUG,172
11/1/2024,WMT,229
11/1/2024,XLF,80
11/1/2024,XLV,237
12/1/2024,AAPL,147
12/1/2024,ABBV,86
12/1/2024,BAC,124
12/1/2024,COST,160
12/1/2024,EURUSD=X,68
12/1/2024,GBPUSD=X,170
12/1/2024,GOOGL,129
12/1/2024,GS,54
12/1/2024,INTC,215
12/1/2024,JNJ,112
12/1/2024,JPM,199
12/1/2024,JPY=X,230
12/1/2024,KO,55
12/1/2024,META,97
12/1/2024,MS,121
12/1/2024,MSFT,66
12/1/2024,NVDA,152
12/1/2024,PFE,208
12/1/2024,PG,59
12/1/2024,QQQ,226
12/1/2024,SPY,58
12/1/2024,UNH,72
12/1/2024,VUG,172
12/1/2024,WMT,239
12/1/2024,XLF,80
12/1/2024,XLV,237
